<beans xmlns="http://www.springframework.org/schema/beans"
	xmlns:xsi="http://www.w3.org/2001/XMLSchema-instance" xmlns:context="http://www.springframework.org/schema/context"
	xsi:schemaLocation="http://www.springframework.org/schema/beans
     http://www.springframework.org/schema/beans/spring-beans-4.0.xsd
     http://www.springframework.org/schema/context
     http://www.springframework.org/schema/context/spring-context-4.0.xsd">
	<!-- <context:component-scan base-package="com.cg.demo" />  -->
	<bean id="emp" class="com.cg.demo.Employee">
		<property name="employeeId" value="12345"/>
		<property name="employeeName" value="Harriet"/>
		<property name="salary"  value="40000.0"/>
		<property name="businessUnit"  value="PES-BU"/>
		<property name="age"  value="30"/>
	</bean>
</beans>