<beans xmlns="http://www.springframework.org/schema/beans"
	xmlns:xsi="http://www.w3.org/2001/XMLSchema-instance" xmlns:context="http://www.springframework.org/schema/context"
	xsi:schemaLocation="http://www.springframework.org/schema/beans
     http://www.springframework.org/schema/beans/spring-beans-4.0.xsd
     http://www.springframework.org/schema/context
     http://www.springframework.org/schema/context/spring-context-4.0.xsd">
	<!-- <context:component-scan base-package="com.cg.demo" />  -->
	<bean id="sbu" class="com.cg.demo.SBU">
		<property name="sbuId" value="PES-BU"/>
		<property name="sbuName" value="Kirran Rao"/>
		<property name="sbuHead"  value="Product Engineering Services"/>
		<property name="empList">
			<list >
				<bean class="com.cg.demo.Employee">
					<property name="employeeId" value="1001"/>
					<property name="employeeName" value="Harriet"/>
					<property name="salary" value="40000"/>
				</bean>
				<bean class="com.cg.demo.Employee">
					<property name="employeeId" value="1002"/>
					<property name="employeeName" value="Harry"/>
					<property name="salary" value="50000"/>
				</bean>
		   </list>
		</property>
		
	</bean>
	
</beans>