<beans xmlns="http://www.springframework.org/schema/beans"
	xmlns:xsi="http://www.w3.org/2001/XMLSchema-instance" xmlns:context="http://www.springframework.org/schema/context"
	xsi:schemaLocation="http://www.springframework.org/schema/beans
     http://www.springframework.org/schema/beans/spring-beans-4.0.xsd
     http://www.springframework.org/schema/context
     http://www.springframework.org/schema/context/spring-context-4.0.xsd">
	
	<!--  <context:component-scan base-package="com.cg.anno" /> -->
	<bean id="hBean" class="com.cg.demo.HelloBean"/>
	<!-- Setter Injection using property tag -->
	<!-- <bean id="address" class="com.cg.demo.Address">
		<property name="addressLine" value="Hinjewadi"/>
		<property name="city" value="pune"/>
	</bean> -->
	<!-- Constructor Injection -->
	<!-- <bean id="address1" class="com.cg.demo.Address">
		<constructor-arg index="0" value="Hinjewadi"/>
		<constructor-arg index="1" value="Pune"/>
	</bean> -->
	<!-- Wiring of Beans -->
	<!-- <bean id="emp" class="com.cg.demo.Employee">
		<property name="empid" value="1001"/>
		<property name="ename" value="Swati"/>
		<property name="address" ref="address"/>
	</bean> -->
	<!-- AutoWire -->
	<!-- <bean id="emp1" class="com.cg.demo.Employee" autowire="byType">
		<property name="empid" value="1001"/>
		<property name="ename" value="Swati"/>
		
	</bean> -->
	
	
	
	
	<bean id="placeHolderConfig" class="org.springframework.beans.factory.config.PropertyPlaceholderConfigurer">
     <property name="location"  value="classpath:data.properties" />
    </bean>
	
	<bean id="emp1" class="com.cg.demo.Employee" autowire="byName">
		<property name="empid" value="${id}"/>
		<property name="ename" value="${name}"/>
		<property name="addList">
			<list >
				<bean class="com.cg.demo.Address">
					<property name="addressLine" value="Airoli"/>
					<property name="city" value="Mumbai"/>
				</bean>
				<bean class="com.cg.demo.Address">
					<property name="addressLine" value="Hinjewadi"/>
					<property name="city" value="Pune"/>
				</bean>
		   </list>
		</property>
	</bean>
	
	
</beans>